ID,Price
15529,3.8590201640183324
3233,3.3565341008533807
14381,6.161662417445591
3201,12.127543191563497
3425,1.991717480651836
11127,4.801658637189007
12675,3.4878620156268454
14376,3.205256610144829
8783,11.131716145771438
16086,13.662044635728535
6441,4.220087219477961
3379,10.186098333670198
9918,6.312385123369523
9132,1.274738887888816
4186,18.424762609210838
15829,4.483747140735147
2894,8.156030957286283
2344,6.723992097521773
47,7.618772691139611
11840,3.7417560568026644
14238,0.9548524151341624
13392,8.087404062579964
15016,1.4652642967293303
13614,10.224458778990542
9239,5.073280873080613
6210,4.587856097930278
9133,6.011571209718397
7302,4.613973506651824
19451,6.473752878460317
19818,3.6872581554630983
8440,5.474481129282438
11823,6.2986308740766574
10255,1.4048181689121222
4967,8.237047964119476
1591,9.897369470361678
16538,10.119633017802304
4390,3.955412443174133
9838,5.801122437224365
4908,3.2703017538385666
20820,5.005677553768784
19051,4.344098592166311
9313,15.73591613414142
11787,3.6995560104101344
9550,4.74940702528756
14434,2.2715551569344044
10445,4.035791284530184
1342,9.697258078700795
21128,8.178892518420618
15769,5.729479039359205
12446,6.235598866356334
628,3.48677063974484
19607,2.3143097024739347
6519,4.647528783173648
12252,8.699195191308839
11457,5.375969360980378
8191,5.501385233240413
17495,2.7133150848210477
1292,13.118625614487705
20714,7.177693776459442
19889,6.263662297811784
10718,5.4886955205891965
13381,5.644391043130845
20966,11.091622149539187
12487,4.865252225732796
598,7.984574244294542
2640,1.163447184991199
17111,0.3650556969609511
13551,3.088312623147516
4450,3.69335067287507
8301,5.46484084674055
21153,9.418561587486167
9316,12.358583281409203
8483,4.726312268371345
15746,1.5810374365620916
16234,6.394262041530382
9588,4.018451750700677
6531,7.08243816430366
16483,4.209215441351688
18791,11.13465881438308
18626,7.841781811745598
10714,6.604521990586903
13944,4.380284891245246
19495,4.791310892044997
18848,5.6959031393431445
16705,3.1458828543624335
6470,6.34921475636493
18267,12.075696807680231
18647,3.353516505798588
15826,15.52095300872783
7696,7.6945033845605835
16657,5.028056846009896
9179,1.0637964860223903
1088,4.509628727992705
3727,4.578182228423344
11646,5.250183093834174
3966,0.5062574097196446
14531,12.168937107138941
9272,4.182509446810165
13707,4.5530723655936285
4555,11.085191164386199
9083,6.45461728590363
1763,5.345786971967037
4109,5.422820735476002
17437,5.7210187054555846
12233,5.9266800933512584
8863,3.028310505563695
21486,3.81787611776916
11665,1.7496251998079941
11873,3.287744870948117
1636,4.853263090740448
18824,3.548630157837195
5248,5.994820143809527
578,6.8059200597287415
17965,5.587815305086259
14555,5.679363621159382
8257,3.1923236256662264
11296,3.098773795410345
17914,3.6620080249566627
10331,2.910584871618873
11198,5.75051097018882
14926,13.24704366125556
15043,6.360781031013616
4023,7.566158692182626
6145,4.218599005631852
12452,4.388652024722376
1660,13.474012768971086
3908,7.777506181304993
19675,2.455530421893272
14660,8.013803057875442
14494,1.993448982648843
6484,2.5471293135968978
428,4.0947716802110605
8126,0.18404159945441023
7854,3.840388180758687
11136,2.3369728747742258
3929,3.738668693992686
15480,6.36786441531023
13168,5.91564867313582
5916,9.75808017762338
14396,4.671980735868793
4890,6.558547121429903
20416,3.2113246940170015
10187,3.7757760620238727
7281,3.078602829340362
18993,5.711871030430991
10469,1.3001600002045635
5811,3.2752195397202044
10628,5.909963971685798
8973,3.159863051506214
9648,2.833345428591457
6843,5.233349862004339
14738,6.998503416896035
11706,5.166891382061372
21150,10.822017120783627
13682,5.044203697859196
13772,3.717408493940937
149,4.301567388453783
10878,3.266713768253844
9370,3.3703973759117787
3413,5.83139492458335
17354,4.206419369472293
14212,2.224221728924576
11466,5.125562176507557
4102,12.501298252525949
9224,4.63689266424759
12503,5.977595757700563
18315,7.076998219572275
1582,6.723771349414527
2225,4.560543420626324
10909,5.185282737346995
5093,6.764301607648889
6296,4.749203540965681
1416,4.500744524628267
18094,2.3400265586696563
4723,8.443054819034003
3159,6.364738204910523
11914,5.881141827003361
224,2.8634872969172136
18622,1.026895113024203
9401,6.310626097215817
20436,16.13853825245933
3424,7.151440947440413
7909,2.9157637558027147
16280,10.915040763417604
19172,2.015740906030601
12490,8.483123584938063
4612,3.1849636687914114
2078,4.908320932239739
3592,5.015665469570948
13494,6.075627922004941
13162,4.683293019051355
12196,2.974890046379251
6431,0.6917102826484367
10957,7.715550772598469
18853,8.80026049927968
12893,4.775674885744181
11842,3.304831935904758
19188,9.986139928056822
12180,2.778240003918846
5713,12.899910744432354
19091,5.749783973248931
15200,1.5925055102955739
16136,4.396519192903021
15046,7.1254145750332185
2723,1.8397884845516899
20117,4.361048645942333
20707,3.9994140778754357
15286,2.3144614672002035
17156,8.281746023025832
6988,4.064744871920588
11071,5.985082438279505
2655,10.38374800374736
1603,4.340143986571746
5659,8.062697273621858
106,5.200728501730559
5974,5.761524337354835
3622,4.351882014892851
18764,10.114762385168806
6667,1.5714189247724661
14422,1.8737129061769764
18439,9.78218927376886
14308,9.221124893541386
7917,3.2353754031537676
880,3.769477247355404
19798,13.207040975021258
12425,8.52552824501447
9329,1.6625729736691497
12117,6.298738447943258
17364,-0.4055518266758469
12230,4.172112538477904
20793,10.663697893852529
21269,3.8129327636418466
8011,4.058959654541056
3051,7.882810734686025
3042,5.262056085871357
8582,8.527021739985223
4072,5.251174296250554
12215,2.8055180869091245
15126,2.312332380020976
4974,5.12680168629489
20269,4.921335716693655
20580,7.466584460588308
15824,6.63071233028311
9166,16.85518278594995
5405,8.147692516527734
20931,3.5724568845664137
975,5.714198613566552
11190,5.090459574046783
2963,2.8301938279776593
8226,5.21034792489305
10059,6.327230251672354
19278,3.3851026601933967
10467,2.557883842232016
10797,1.0574200063346382
12157,5.801857088676904
16406,1.9350760351874712
3861,7.200707735946871
17406,4.11358736730223
2152,2.145826884479412
21122,5.42367254505595
4791,5.1684734914643755
11295,9.612018745683486
2842,2.251142628759581
7702,6.0064392398316215
10279,7.6197917924113625
12873,6.62085995954908
8848,2.6738439644902456
11337,5.948075743582699
8664,7.587618009357193
9145,9.31350613440734
8010,2.45109312098203
6753,10.113669852799077
15433,2.823912494978032
12497,11.913972460948148
11150,5.840293239637816
9153,9.247859930477347
3260,6.801137420962263
9809,6.043356189239468
13280,9.16791249002113
10407,2.830786031450714
17209,4.820827039133114
5905,8.719511513204615
20680,4.943405059184222
15254,5.519457781170942
8315,2.425790614069946
17510,2.237222260234013
4495,4.905744265316379
9459,1.6351491187742226
21358,7.381097131556558
15967,0.7435533380379553
19806,3.8862563390974074
328,1.5821800310101466
2736,3.4065876727535027
2398,1.7015894459009502
8520,0.516690021011037
8157,1.7772606189711269
15677,4.757273724473592
3341,13.203619268357908
9985,3.0925501546216836
17121,1.3533432194468276
20620,3.430242272564257
6972,3.7159728222984825
761,3.1989902953996037
745,8.00919629107348
11046,4.863629780951548
7967,1.0924523265364883
6211,0.7317261230559424
19868,3.0857042324305226
7668,4.422390856095532
4375,10.725056991605406
11327,3.6806948043816163
7920,6.047833886568775
21044,7.232672442907713
17750,6.945199256438663
3779,3.0112740878664965
18386,4.938329830974645
16883,11.674721682059136
16433,5.195657148125399
9257,4.0579588722993805
5833,1.60540056579012
17564,1.8897587322058484
3923,3.843910717809287
17289,1.8753911802935903
16570,4.9721378641384035
2916,1.7703982735743082
5063,4.055390076657723
1625,9.543431222244006
16559,7.05356474654581
20316,4.688247596651962
17166,11.58734866461726
14224,3.819427819073418
20374,0.8787812625501843
222,7.077397906764922
1635,3.819802682230282
10992,7.053712687711503
4410,3.380398508750673
2651,9.575423572187951
11234,3.4959613453806426
2257,3.9585022503984533
21574,13.241832763906
11183,4.133346402166673
11285,3.700069004004753
16302,3.212756309595477
5053,5.2336001626211015
17130,3.7390385717044907
8903,6.577495145565997
17608,6.185443009700336
2571,3.356805400556958
18419,6.438695746296318
21333,4.621265913029397
11008,3.6674407628371384
4827,4.516486543472716
14719,3.05612384599673
6390,0.03876542545157946
7013,1.8374507328560057
8137,3.184098886872036
5873,0.7229401867104599
1071,10.156282373329311
1689,0.8278377561599726
11241,10.751613585634203
19622,7.484671231100748
15162,1.9666637043616717
854,3.3649084304026573
19298,4.00400326026292
1460,1.9412921137109507
249,4.796155998393864
15252,3.6835002127596113
7923,2.250952576384158
7264,11.817588450446149
6920,4.427310085804436
4057,7.944620170196259
19154,3.1685052051162543
4299,3.907253435705684
8469,3.5770148446476995
4745,3.4750964088757996
6662,8.091188862854594
6457,3.342951734643009
930,5.431877750782675
16569,6.951770168731954
16840,6.385994192615662
5923,10.625838152285525
13823,9.144352992890244
10697,6.8744870764999675
2206,6.896868481271902
5800,5.666528258451194
7975,4.369907138096018
6538,4.978992344959913
4487,8.366823195922123
11367,7.334115464170772
16918,4.064740229973225
19978,1.7116086971992672
20792,3.7645104903741142
181,6.374984352169548
19286,3.6016589266339807
19921,5.928733073151733
16335,8.564709647343015
3326,2.554077509892238
4168,2.6877227031613558
4235,5.33998581975122
4259,5.584456691919378
14760,22.251800222762736
12220,3.738560751328805
17576,6.139332514304144
18373,4.285823222185371
10177,4.48250332136319
11691,5.023469844480083
19130,8.590333514783758
21145,4.7547179385991
14173,4.481823931309535
11699,6.628490044990684
14484,6.238236227900892
5446,15.622099121454326
9769,6.963690251168892
9595,4.382813575240007
6064,6.575228786190614
2824,1.983460061870126
11332,4.33046231048894
16899,6.420575825456318
3607,6.393175590530149
12792,5.62573656770185
21060,4.412247861156089
10000,4.53319987006396
8838,5.112285685913022
12132,5.05363644200326
15101,8.811106385254618
8475,9.751744714226536
6761,4.609254777926175
13921,6.939282668992078
2740,4.169687318406417
16098,1.5067543862524744
9288,7.2126455554207
19848,3.470076746455973
19425,5.236915197796513
9011,4.967789947324192
7154,8.647005898114386
8285,6.812251150955916
10334,4.0417635205574385
1151,3.218659808261876
14260,5.350270954145188
16519,6.715822080340878
9576,10.059120773301704
12813,12.012505722991612
18165,4.197022377767922
9913,3.826151427970437
2808,2.159914987458407
13163,7.941430458320127
18001,6.4302408836132585
17106,4.014516342175085
18913,5.614047966197326
3280,9.04917490470897
7271,6.16616088716745
2261,2.6142439519922505
870,5.298745403159515
2115,4.548262587922679
19426,5.038861241424286
10681,1.9656503187319458
18129,4.757076195001815
2010,5.83138382952626
20021,8.264080224117514
2389,4.79658021884412
17655,4.533547077290727
19492,7.38403026754839
7584,3.4125875799541845
11505,12.742639067631576
12810,2.4766327561634753
9118,2.942918707418343
3156,3.472211068051166
15960,3.7446868595972234
17239,1.95241211514373
9577,3.5392420274644607
15427,7.784660102092154
17868,3.9286054155199253
15485,7.723794440927556
4158,4.263415026174691
2838,4.652883490272174
14020,4.274058286328405
17546,10.454357017997669
5131,6.915517099436094
1024,3.234583189664818
15409,2.127976516555762
15818,4.171362735276702
6545,3.5559975577098726
10975,2.3378022185323246
21590,8.271629279776711
18312,4.000587558766412
9212,8.144841364834342
16891,6.918436667715461
8893,4.404906532156502
12699,5.733969038043824
8923,4.119374761262478
12913,4.698048593086504
7741,4.494042987914938
850,4.433147129911596
5415,0.8782460669845165
1409,6.4046789907414095
5584,10.148304384752272
20226,4.419068575627676
7102,3.4221147002475476
17247,4.0438217278654705
16910,3.5065735861328093
12004,9.995900499097267
9843,3.993160627735989
11539,7.535662143375447
19901,6.140658831447162
4466,4.585625066791131
13900,5.934863053528538
19270,0.6751846923012792
12026,5.06620765114431
4630,6.075152100450957
4356,6.635381361719382
21560,20.856437910601606
13020,3.9253157332073485
9300,1.8730414454375222
16940,6.950138326786195
1564,0.746736208085828
13108,4.534865955396633
18251,1.8632066202507005
4300,4.364097456155726
17583,6.452693114397832
17653,5.788413784391054
20253,3.2795886330787596
16074,7.0354061541141775
1661,9.124146496320616
18159,3.4204537564317476
1267,5.896460450193935
21016,5.619537466138652
13868,8.55644005872626
6865,0.8640617733598361
15102,4.91367351096158
18308,7.28399975688496
14197,7.312644328296713
12447,17.107855083884104
2843,10.014068295015921
21528,4.918907130636256
7613,5.172788426880075
8101,5.418005298567238
13271,1.594224066716741
14147,3.711132174252583
13429,2.016153911872699
7508,4.582126963207344
2111,11.819091718915523
16746,6.220460793314636
6005,5.506464753220428
14812,2.6859963195617524
20457,5.454278513706491
5982,5.907416339739129
19609,7.908810500351436
14547,0.9229611154332105
18699,4.38571943837659
6849,13.861125872262349
11335,5.745707025209768
977,2.5075354255490723
8334,2.4085080687544718
18983,1.166585761900052
19497,7.109124933867804
12743,8.616348262973744
13361,2.9716666263470586
4567,5.292443159129206
1631,2.6003259367305134
16751,3.6518305310028296
10045,7.381967448159642
20396,4.987004075454195
6550,1.4024251145809785
94,6.0800196207585415
9261,7.6019717473733905
19930,7.9212539063035905
17154,2.8457273771254705
5236,4.564134857554421
16073,3.3038276508831785
9787,8.090877814675387
18696,2.209733679227334
13591,7.488855950728265
19770,1.6484933954162244
14636,7.128770286488653
20890,1.8951708249602603
9596,1.791261747534186
7512,1.451298652025251
20246,7.752381429525691
7426,13.042458698312245
14025,0.8499974312283243
11708,5.745514878139076
19066,5.6570761748553835
20016,7.17406799481283
13046,2.464067155048525
16467,1.389238765234694
1901,3.603079134891381
17629,5.477029687637042
6217,6.075752345314733
2158,5.4443759998277415
10048,5.888037050909972
18715,6.276581747536369
838,6.200352246018632
17792,5.172573571139154
5834,1.1936617265598244
2986,7.810598109393474
2726,8.857838051992069
3403,7.536713206306423
21223,2.6559687223591624
18356,2.4041636765357666
7304,11.691614827138604
985,1.6249566740362482
15792,2.597780173441933
5504,10.457260677245824
11206,4.126335062931034
18270,2.6006806505447315
3091,5.524406918369465
11135,0.048925492334596754
10887,1.8637088523948506
13806,1.7401341324016215
7922,7.2909799086873335
4995,6.08359724000271
11094,2.0969355304261157
20817,3.6870127556887127
21095,5.599449353857366
5223,8.545797739924595
2863,3.469688382424856
7365,6.068115526193068
15731,10.564395842412495
11994,3.340579054212121
4829,4.453088559906675
3874,2.317170167118391
20929,7.775215604630304
8636,2.6317272133734733
4363,5.633030236917577
362,2.192620040454358
3436,9.145410544194334
1677,5.816667808950356
18654,4.940989009853908
1486,3.7696451057748206
13156,4.990871239514384
4891,4.5803496605253144
9754,2.339543927322353
17424,2.672771879456114
13079,3.669777043864265
20344,4.35657953676629
1277,2.4461521245844082
20499,8.047919958578646
7033,2.4674592989136954
20190,5.93407994040043
8237,6.355727521031149
958,4.049644481030278
5497,8.689746174107121
13956,5.511355536502776
8684,4.649946498883331
11966,8.266419862756209
15493,6.949054285703937
10303,8.609739878811062
20837,1.2531470197753691
1978,9.209697500744149
255,7.215809854584094
20968,4.046087443822849
9908,4.114890333925274
11696,4.945446935886601
6269,8.372877013948418
18963,5.602041131104301
10229,4.380990699163618
20977,6.498170352602486
18207,2.675124508110528
3605,2.0227991143996746
12156,4.712421965929451
9236,5.719126143190806
13112,2.9220034072587424
10843,5.693027214100809
8053,8.364718243962258
15538,0.7615628802005858
13949,3.040764005787409
9755,0.9785189012036
9848,4.695833437109037
4936,5.80152093579062
19084,7.317300468345152
13101,4.284148199483546
8094,3.677007396347747
9963,1.6416607162754033
4583,6.555805502463031
2780,4.525482949325216
1209,6.972839705619059
11551,3.8529927645426554
12868,5.233135229665201
3179,4.646186022687878
1955,4.498136790819693
18102,4.078533041210406
11957,3.924965211582773
13110,9.55145277228796
20625,3.9345421162521035
5870,4.494608176597204
13503,3.42276600627838
11598,7.529372517667454
17081,12.536207321154773
8635,9.331369851150018
18133,6.250803977557162
4522,5.175002177838628
19382,6.063373537129337
17829,2.2035919231862806
7107,3.7466118743820047
20524,3.1496967965356717
17808,7.792305096043847
9859,8.372077760488565
16983,3.4693794908692865
19533,4.978896341173787
13336,1.565818986262343
10086,6.591186064701489
18973,3.321948991913189
18313,8.603665616120878
12292,3.3284278114732118
142,2.9420151390235603
16452,6.6039567661678475
9274,4.500649157154285
13711,3.1675933806757186
20913,4.887277192242188
8698,2.9660411439659597
2970,6.558708456186288
15235,1.8278046760041278
3115,4.068157416776494
2884,4.714600598773572
14614,9.23668135766928
9763,2.2878778167000178
8947,3.788692744916588
2184,2.9684107424088992
17804,4.370299928488059
2521,0.0898683533111253
4371,4.136379433757497
16598,4.191042305005681
3768,3.778320711303884
12207,3.310914443651484
15914,4.850210838818228
17823,5.4664366093333285
19872,5.82575437341665
3711,1.926439323562711
5716,1.9233514687663344
14303,0.8389872729015124
17107,4.96787574562439
18644,6.324189182089313
15167,3.3836589750086574
19182,6.642227962012576
1325,3.6231924512886806
9055,6.075981855691083
7122,4.753938511468164
18910,4.401589235822044
18311,1.736012580613469
1408,6.797436206841361
2669,6.756678433321937
5818,4.77300482221532
6468,6.168718469232466
20723,4.954553374027022
17074,3.6204742943314656
1044,3.0372222783753884
8351,4.904953193614546
7870,4.585714657804623
17904,4.765280188421663
20233,3.6461631448636638
627,7.3527147942981586
21117,5.628957530979491
16306,4.638029927352598
10099,7.340080230575715
19722,1.827376923072741
7029,5.603307547784958
18614,2.8647355331037474
16708,4.05355330067561
2926,5.8118569715788055
10374,16.39390999966627
4895,5.124556177560677
20205,4.090848109475935
1508,4.584579248636416
21294,14.094328989481493
7505,8.743005436834906
1090,3.3363622307770555
5722,6.931599804631077
1391,4.248216673041789
17411,6.197124396648476
1405,3.1928134363880076
5851,2.0096105440744196
17051,-0.8864274274081296
14169,1.9296844026168571
18552,7.957639530799902
20569,6.5517287312338865
20446,1.7112727278778053
14489,7.977069008709599
3318,1.3503055194611377
12793,6.617140725908094
3646,2.5615197415711677
2608,3.016170028639081
6471,16.25953325924527
12431,2.9197871856940907
9065,1.6625482124842534
4332,6.956236269286769
3733,3.906543350607919
2482,2.1465303145345302
16887,2.9189214007095146
4937,5.8874477686058455
12587,4.522630462059126
15151,6.017304695641371
17618,8.701219202355155
15487,7.471754406864655
7384,9.475484927865242
8748,5.445658471450145
14413,3.6836047721103
19146,6.007875281554753
12871,12.969428284627526
13973,6.693060598264701
9852,3.701401035253717
16212,4.749725018494246
7150,5.598368523475301
7297,4.343661021024936
13939,7.141898082185165
3068,10.804965990636248
21481,4.274798779969366
8716,2.670846120466173
7282,3.8158804582760553
3562,4.913713431597259
18263,4.950650891894703
4041,5.084116991510427
21559,5.9066412688932886
6387,7.587881940291631
2914,7.529191001938678
11820,0.9792876711855669
19846,5.557325759405224
17343,5.375993524652273
18416,7.313496976513591
11520,7.910638578862724
15566,8.728918326532977
1704,11.33875242314328
1764,6.1610476702262815
19155,5.058580841731128
15150,0.9946723352367428
21109,5.953532764208219
8970,5.978747913726686
13860,5.3970197889275155
13651,6.844632062107188
15961,5.847299353105939
6616,3.6684088549425127
6614,5.118690923778836
4509,7.51204827157229
18907,3.782999435650808
2616,10.65810448821594
8167,14.677052240413612
14682,3.6615100375223975
1907,3.711692448670341
1864,5.2354377224254804
14623,3.5793477283607515
5810,4.657351498744013
7375,7.02762504548101
6237,3.050349097748203
10487,10.623413966511567
15209,3.0742826824543243
13730,7.769686091672618
10052,4.636186430798261
7831,4.0810010562479775
684,4.443373108056875
19505,4.346507942430733
15971,2.5790285996852234
4344,6.267944450216504
13588,2.242390271483579
15312,2.9506882074552223
14420,8.353150444838093
13796,5.676146791847984
3470,3.6257389918158154
3995,2.9818818272409118
10031,2.4862738835237153
6055,1.2764539903557264
7519,6.602704300458996
10951,11.444952923490138
9238,2.558730919660448
1106,6.916824814133157
13854,7.866854487035155
7818,4.644021782354692
12740,3.735668133155073
15737,11.168487777300022
9293,5.6861601269151265
3593,5.18119469299409
11909,4.533786263079357
1871,7.112813435438092
3465,4.671186884451274
19203,5.464264950907236
1980,7.198332394443909
2756,3.976662701512751
16225,7.0369981441565415
14968,6.727435596167467
12904,2.5482199884378858
19312,8.673415828528476
20653,4.309674500738296
988,4.46042771552483
15069,3.190054659302895
12716,7.304053575137765
10830,5.514200635508956
20607,11.154620641850222
9803,5.834823216550262
932,1.2343560011676686
15802,0.9549857654772254
15062,4.4393416301062985
7465,8.33178634897456
11427,9.356231528430644
5244,1.8351113926679616
1194,2.4809905794138274
15496,3.005857042467035
19920,4.052607548586323
18753,17.442647326195726
17491,7.755148373312508
13123,4.150772173125141
2610,3.9992368136122423
2768,4.252309941009081
10521,4.15129561148273
8611,4.512091467896376
8593,10.23198130303511
10712,2.8187292532723873
11534,6.2471384008008854
10891,3.863363772766796
4460,4.8750457810462535
10481,3.4801296923884593
12295,3.9397350733553296
16679,2.764986344343157
15266,2.9239255512650217
20964,4.087760123783248
18261,10.77310681360894
16556,9.069442693587124
6356,3.671386666002256
14103,6.284788871505235
21468,9.545025315819185
853,6.557811699524592
14237,-0.4147278506192791
5618,6.338530405666766
10273,1.9370305328440267
571,9.225850729402246
10032,5.521265163191998
8144,6.11675928155789
17938,9.75775936237006
8772,3.723406168837279
16739,3.3512201788544687
9364,3.153323331512958
20244,3.581950902413908
1559,5.277255836962993
21554,2.5868506517265857
21478,11.090294552105913
10613,5.652029983795728
12083,3.663819968380025
4284,0.8726306850396668
21019,5.540787823431636
20150,10.286994518729301
15854,10.52549890465987
9382,3.2890593508532433
16813,6.706483851854777
3493,4.94595555819533
10910,2.1928064862002827
12878,6.711693728456282
998,3.941075220878872
168,7.837507138915008
20611,4.01375520455354
14048,2.8007454160432346
13451,5.8086433238000765
1835,2.544635433093319
6463,3.6407816071637455
7450,5.7891866015893
18847,6.84090249033828
11528,10.3120703790687
16220,3.475477184227003
13825,3.0127362528815667
15109,3.2614008178208422
16680,7.554313734925465
20603,9.522621821249807
12554,3.5893086671492256
2160,2.9941177386723297
13909,5.519511097198482
19148,6.210394916232538
8073,0.039720871882096276
13215,1.606206944700773
755,2.4931721691597915
9534,7.7850391444711775
16041,6.567559666547744
18205,2.7956312537154275
17183,1.388012726696445
15036,6.411709060985913
19840,12.190165434476587
7834,4.096367198662577
16129,1.9140410290070449
21531,3.686336903798761
12032,10.20227828782425
7881,3.0285732918646673
6953,11.436809334360849
12786,5.166606079703392
18584,6.188889029411563
16950,6.467473203218475
10304,5.131030745139775
16481,8.282916085356987
7795,7.307064772587481
16699,6.261382732046883
15772,4.405683935258395
21089,10.488075261969048
5321,7.553169838613911
18469,3.2748647446099213
17220,10.971505978096154
17115,6.539777464047027
14652,3.4906901723224877
6866,6.725539601245309
12925,6.043102021602714
19551,1.3458385597648572
16387,4.79240381495481
1360,6.563862766124167
13260,4.88940803080429
729,12.948625477766242
5893,9.558297901266034
19237,3.2095058488590027
16752,8.469942051946674
3599,7.3624757632806705
3232,6.580764700073189
20324,13.620614626184398
14234,1.6410105545941747
9119,10.008971223948809
11739,3.412967954619269
17690,3.0326927469491523
12821,1.2402132207570347
14175,5.15849887385086
161,5.228400134024909
1678,7.091213653682658
14907,5.414288524551452
6645,0.3114880946743668
9000,2.680635070689931
5462,5.752578439436462
13819,5.429887996894443
16054,10.910864984894918
13198,6.320940268440282
21585,4.365819870002241
20125,7.9161033387865345
18212,14.571863791258192
1723,3.3510120167167443
16492,2.16702761120213
701,1.2415599031685574
5406,5.409540252884959
3513,7.223788980301251
14928,6.042514465313467
14641,6.056701025792485
20104,4.6147442965154895
7547,2.0198367703623745
3968,5.456909444889867
20736,2.6123752173108628
4568,6.43008270072545
10027,5.0221256931643765
20945,3.595625448303892
2072,10.38436218870864
9206,10.764751360821755
13526,1.021203189203412
9271,4.720628929375465
19428,8.001006432753094
15326,4.408138832198823
2582,4.120375218871246
12678,6.899955791994607
10645,2.785742757281284
4729,11.40673069849564
2324,1.9096893750729862
5416,-0.050171263805445676
12246,4.380126972183177
391,7.277134934481808
2107,3.1372486822461454
16718,2.0471548733847555
14332,1.2774690481892677
14166,6.273747261049344
1248,3.4110317605022544
11878,-0.22032415583015563
4795,1.970375596808445
2086,13.109141343511038
18443,4.648443998073581
479,8.616424573474497
12532,4.444975482170534
13941,6.858394025647435
10563,2.53270476730939
15554,3.1045464389399697
17350,3.1996962011396093
8090,10.936344717853945
20183,4.128490521113058
19536,4.444058763820777
15278,2.3028043871998776
5260,2.1523528174808177
10578,4.618246791744191
6364,2.467959872381712
3539,4.3631679595923885
5266,7.2808138139952945
20412,8.156758187182817
13443,10.769605964082004
14160,2.7579335693320246
21547,4.069248760533455
27,6.523449759685235
1339,8.736904093206043
8891,4.093512149890358
12310,2.5340596947604013
9306,0.462116238375863
13301,9.736319019094818
14500,3.086600365980047
4892,2.8165845354003736
374,2.6957746069070154
12197,2.974890046379251
2881,2.268548684846479
6358,5.631197562037379
9312,3.3025755660904537
13096,4.442232115125712
18547,5.532033126940988
11061,17.928753915223954
4912,6.404941655028338
17419,5.177467354499029
12702,3.0784736834782223
20196,2.7088572044901866
2317,6.2976609883692305
17325,4.158233668343428
3301,0.8541908183168729
18927,0.5684988579604138
11593,5.492816630143402
10386,0.9074721901822755
15697,2.6624594281687664
9223,6.939838192514962
6709,5.5265586464892635
3077,5.605994399903835
18388,1.5680438343095062
13380,3.3088695644340547
14068,4.875096843204254
16842,2.694378234737407
14785,3.4328972176970325
5673,5.55134131880741
6612,2.2846811846204673
12312,1.5589123672093876
11313,5.8188187999208125
14324,6.306681370787693
12074,4.797738530389772
473,12.137577361229905
13496,5.382599444358171
16358,10.762767276819329
4335,12.853422102085538
5075,3.7760286684053384
14798,9.75718504435747
4095,10.325614392331737
9473,2.7983007264490496
20257,1.564334434317466
20042,2.2404065529732335
5443,3.448797042797409
11698,1.8632935878285721
9641,3.078740855443783
8086,6.546652221984218
8214,7.111292237832501
12097,3.9309737012850903
6267,5.268801492993099
12383,5.564766456999571
19882,4.046541541409667
17330,6.630449509071653
2705,7.366026588625523
2465,3.460524828225431
4692,14.157205936343903
20258,2.3702173755863924
13688,3.712213000138192
19150,4.660216932224166
15598,5.125626846580047
1717,2.3023243179662742
4907,12.996970868948331
2867,7.259207911127341
18912,3.768584039386681
16582,3.519486868238431
14709,7.784330352693836
5737,7.4365022497916655
2442,25.26753135427282
7840,1.4515660622154982
15758,6.097511503202568
4815,3.201188308122539
11442,9.049303342059797
13668,1.842151509086186
10244,3.4378176929149618
17881,13.546178630889283
15666,9.113095748117352
18349,6.772715584484807
17713,9.680829961140681
19893,4.488905586257616
13646,4.130115680040838
13289,3.3140750456268435
5057,2.159234348827816
10218,3.3497129751825767
11128,3.1345456711160367
4492,2.570590450342557
5476,5.204944646131942
19623,5.060641677011972
1708,4.02617322041047
17221,13.593006010563418
4269,2.2874395201687676
19418,12.054280349573059
11942,3.392898101473321
16245,1.1449022627923213
18787,7.375535145607969
9702,9.258486524263375
6398,3.1532606843483606
20507,4.0832758308052775
18782,3.2859029958607806
20672,4.3762854995805895
10424,2.067002569399392
19540,7.922062122004448
7657,2.784423745218895
16666,3.1294823178021787
15886,9.05545010144779
19552,5.429006403629103
5217,2.5082243169691125
10307,11.65105060408128
20131,2.9939126478547777
14433,4.952790055494262
6819,3.2969763862291757
4672,7.212505138264078
16124,3.018804952420986
19219,1.3928064798174518
19630,4.656414152551534
8788,6.442472047215944
5899,0.882705148570821
5050,6.902618011801692
2983,7.489982880814225
21592,4.798339985825507
12855,1.4454753258985278
20392,4.609115985146531
13356,2.0689366634653226
2071,1.589077438100432
11106,7.466249270353053
7783,2.0508521058011198
16350,8.945496613943998
2302,4.694007213295933
18228,1.703788617353112
1748,4.30342046461913
10948,3.296531508199422
2049,3.0295907412677963
295,9.288076636006473
20682,7.229370759438467
12269,4.998874113362426
21205,2.0858014181296127
2903,4.937609939353088
6980,6.575227838345889
18548,8.052964267367962
17646,7.509925586606876
12780,0.9890697705412279
12685,1.450200745011827
7424,4.786898147370515
2146,5.216973183319304
12609,4.214188156961448
14857,6.206416866807665
12903,9.512410355090196
6788,13.428555875726065
204,0.9647239248969939
19627,10.27376730394769
18603,5.381369688575518
120,8.471577957774166
4044,4.978279593261064
9740,7.854200156507623
13886,3.663120861192688
6903,6.417917278306788
20452,10.145324493648925
15827,6.86682425744884
660,0.861458171499784
15130,2.3104848455337503
3004,4.89020575239342
12970,7.442678180549684
4963,9.37907716140159
8263,3.2019424864666064
10200,3.161881851156572
2166,2.48519830023303
15847,2.0428619935859587
20769,4.9603370290730595
5880,9.58461526496136
17013,3.8305633466371276
3540,1.544021841961161
12130,6.7163884048629825
17453,3.8450141066730694
1628,2.599445352659494
223,5.402100015274748
9099,4.146105753146109
9834,6.350910391545419
4247,7.930697335431567
6682,5.308005477655165
5973,3.4745968849224482
16395,1.2709332810979177
67,3.2276488401397856
14378,4.521690913888591
11012,9.64096170075408
2132,3.5409694981106767
15050,6.317236315950041
13715,14.00935911796904
14477,6.366820490847147
19531,9.702473671087784
20556,4.3785844210841915
2781,2.83080539183333
4480,7.562227548741184
20733,3.27969205477644
12637,3.256068564433747
1254,4.247897806583282
7061,5.499084489321071
15736,4.831889101439863
7194,6.016142301759473
9633,9.456397314346702
16833,6.493914839454547
561,3.7541412533592364
10754,9.213918977463642
2536,6.868845245513654
8975,4.050268297073266
10689,7.255805233026344
17542,5.305091386384767
19126,2.412403562839245
3645,6.513501444120621
16119,5.885909130041846
10546,5.363246501123193
20235,9.143912228353766
16721,2.650732822964315
20511,11.801095274155863
17206,3.8961883963225574
5994,4.854158498836952
7690,9.67200813951263
9134,4.285305091393404
313,13.467262866080226
9440,11.365062982088482
17812,2.5801407752727172
17357,7.3807663283733405
373,7.1429285597604135
16852,3.4514202761074984
14848,2.374790117483606
8607,4.972723431167772
21171,1.6864264955307249
17302,5.686560284879334
18230,3.687629983431208
6282,3.3145295343500365
13352,1.110144478712293
1851,3.3304484001191597
4864,11.168850297056029
10058,6.101655117780162
8288,3.3915100579582287
10567,2.9393070771354033
11872,4.464697111914461
9775,7.495027269117841
10737,11.191410745512954
1889,5.420582294098068
9910,2.9511394657447525
20496,3.2139209136746274
16423,7.061826842626644
203,1.9390151916490979
5292,5.5935227595699715
19053,13.046090565353854
5233,6.640641596532518
7891,1.7996236132098957
16115,6.270222559297316
2660,3.535487451524965
20326,11.211996490083102
4175,5.132695995273998
10182,2.0458130225395976
17127,4.99973774875523
498,6.081500794781128
1013,4.366463826279208
4614,4.533876546168123
2806,2.355472794910078
21241,5.637807814105457
13906,2.8636643564276127
3582,16.698839477569205
9222,3.4696752072893062
1284,5.256224654409181
1269,5.710544714089117
4409,10.302143075853284
17493,6.51036731756664
2822,6.110915384268331
16313,8.885453068386603
13409,3.4302277517708006
7338,3.559224041003972
19509,4.950159633511213
11729,5.016660177079309
18656,4.889024979936032
19658,1.9950146924674428
6135,1.6284327165103178
10623,9.097211746039903
17843,5.7835331669780174
11030,5.615230291075164
13723,5.294015489158973
1993,3.914168532152452
7366,4.728058049288684
1829,4.650362521492433
16777,3.7097215262127747
13084,5.547041836787145
7081,1.8531337850653813
14453,7.835139069933824
20567,8.809664474786707
11052,2.993850067739295
4200,5.069330899567845
6215,3.1368559969054246
10963,10.228899313970476
8411,10.826384787620107
18285,5.71112456693573
2553,8.386495090679368
14578,5.888474189690577
13016,6.484049610567155
19108,8.113841491344132
21335,0.871050009837468
12041,5.930161916953594
678,5.785953223189324
11963,15.135212257136462
15530,6.494590623462287
657,2.504093249182553
11045,9.470363657660982
7127,2.959266070953902
7725,2.478486276003075
19922,3.5454767843675086
6152,5.516086228658402
8543,3.540805567717065
15740,10.281579827885441
1502,13.362909203886513
15022,1.945049417187569
11243,1.6948302747533006
3508,9.402409654988489
12162,4.3363372042120645
16703,5.3649497401666295
19181,10.28781231541257
13483,10.864098713799773
16592,7.470142309891479
6821,5.579192827175781
14627,1.7490845072566117
21558,4.916253642668764
11572,4.29624177380817
8398,10.502880279162767
6563,4.579225936635474
8189,9.139064893306585
17903,3.280229068112739
19895,5.981459868849356
20307,4.846653579586707
3673,2.971862502080633
13073,8.015801375405786
19094,5.541005711100837
20299,6.165044503049323
1307,4.135232589388032
20274,9.761666321859508
20053,14.085238823510881
4820,9.009162355479141
15946,4.782556871537352
95,7.893018451653745
616,3.973670489581224
14199,9.383731722653689
1533,9.086807492463787
7166,5.987914206379884
11861,10.781512481910873
10152,10.998203714007673
18985,5.772142281478146
18673,6.699289353206829
18500,4.32091504933387
3567,3.5108436433307944
17658,8.441568014476637
14037,7.780859150368556
4539,3.392854510000177
4198,4.997810035250168
5185,6.99349516740763
14056,1.2279424896132127
11293,9.560726592967338
1290,0.7381499488234908
6249,2.997147785386815
19655,9.41535799382882
11607,4.041525406496568
3589,3.2557157052160974
8025,6.843669806742135
2221,2.3735904329668926
19104,7.510312480466098
10391,3.5623554753722786
3951,1.6130348914207957
1112,7.67673188341702
14680,2.5589377771538935
2653,6.962048260316948
12745,5.635407894409006
6863,1.7793854103371913
2927,4.209750853385273
509,11.681886030570759
14213,7.385601995811868
1665,3.7461185108119324
19866,4.354145735201001
20512,3.6849667556269736
4845,4.409263029204041
10098,6.593559629934731
12003,2.5720634317224764
11661,13.382401303272061
17487,6.85637612736425
16363,7.272579097459506
7329,5.329578763641045
1252,4.761010628178191
3664,11.439724471364137
3257,3.858626185322912
9877,6.790908844992835
14748,8.14610001324737
6998,3.9305044212369395
2646,6.894789264221394
9651,7.6093211099306615
12568,4.619906177842019
11883,4.056790362802921
18085,1.5124181453008205
6528,2.506695274551589
6556,3.757312865706453
11995,1.395212148045232
1169,12.95822341070605
6981,6.25269630422811
16912,4.310152440527517
1806,7.153812152049319
16384,3.8289687367378136
4538,0.8061501594908478
14706,10.40533036001321
1273,2.6257759637489215
5437,5.728427416665653
4502,0.8541303229861441
8813,3.056641958197403
13086,1.1306732989309864
15127,5.152013263644278
11378,2.4127031010796784
15994,4.190019542459318
18592,12.978654814692746
12090,5.304269806551233
19883,4.681333102544464
21464,3.881110891434986
10151,2.6599404332339134
17733,3.8651830008408012
4169,7.370759910362537
7723,12.565908378849112
11171,2.77864985979307
1295,3.7271347508482435
18003,4.889165948030758
12840,4.023967910271907
14270,0.2440639943554075
5892,2.470515733224822
8513,3.4451915314452037
7179,0.7865996120934611
2229,5.789546418491696
10384,7.536005084039893
3898,3.5039567738974426
20273,4.1591854954818
3263,5.245206444156388
15243,2.324294946000549
5228,4.997098370001083
7906,4.0279593535020695
12377,2.7119983780192882
11710,6.23674329923611
10433,8.220694478808156
1597,5.269395332584217
708,2.5250494840488216
8791,2.3992966388464296
13484,3.20043555539565
6570,2.36744079860361
1820,4.9401403078387744
9751,4.214146748444335
17599,1.868225023671478
16025,5.614220763898601
17138,15.865813510391227
1000,2.972612868266978
14870,8.99036823175648
11594,12.338795600444413
10257,12.100960028695475
16076,2.8846315560101274
10140,3.30535896754035
12353,15.938992695923801
17886,6.259266562565223
12469,9.544432622262597
19649,2.4932387164040293
6196,3.63931706243838
20626,3.8784407417389986
2762,4.211704425875418
13143,4.923584332668909
16293,1.7142346485912583
19589,5.351640771955722
6941,5.135862347021707
19081,4.069446034599586
18370,3.959883574772441
4562,1.4071701121235307
20207,6.71223813965608
16067,10.178667969628233
11510,4.877409888281363
14777,9.918113364118724
3792,1.4649573685177728
10694,7.22152122834261
285,6.3404144096696555
13857,6.037445155753495
21084,6.127938898243443
11854,2.361716244759158
14087,8.854722384473114
6798,4.053069982762338
17481,2.1100717261896875
11626,6.911898528496749
9502,2.037718261675309
3125,7.058648512724822
9317,7.523312355783425
4033,6.92920977416582
13952,3.9224436936772094
10410,7.375809097393173
12283,8.70482541698479
17236,6.7924135758584185
3402,5.300305153372811
13761,6.415775313963373
17327,9.46275318550546
15651,3.507668599279434
15716,5.2797884082674
12531,2.5038550872189944
14084,5.133105687022656
5340,3.839022974792499
6342,5.496822972369962
15597,3.4507837921104
667,6.671115456138871
14986,1.4335103176185768
21175,4.278333417151487
6769,6.135069744199207
6056,1.3024530495713051
18470,5.801316821587953
109,5.365551807646163
18089,8.315526847741175
872,9.047426813923998
16655,5.7988287448108835
14520,8.008606521667389
13025,6.191407533100829
12348,4.666914546926286
15453,10.977013969738856
18412,15.618332569121293
1393,7.707470731465442
8626,5.573452464930696
31,3.266728502059337
18265,3.2360623164805347
12217,9.217401935350011
13177,3.217615365351257
10060,6.132335091945812
13283,1.9635857092946551
14278,8.344626374994682
11289,1.7177265277228813
10434,1.3284211853201526
539,4.0753230576153925
1002,5.596070673253372
15112,5.445722178836178
21220,1.6855385219326422
3860,8.80402246723493
21573,4.364527057140293
3019,7.033514186556076
6137,1.604319640101032
9897,5.667845167333454
20335,3.227119276489674
12659,3.710425785087949
4564,3.1885356247073346
13597,7.07809664082977
9922,9.769468654238079
1712,8.429582407832171
21444,10.828859336969312
6240,6.183708754737751
6860,12.510237072927527
10184,9.031176477802479
11324,6.172169619490681
9705,12.56343301507901
19987,4.793002011362745
5282,4.268850292291283
20419,5.911575391991796
13983,0.5960313951019742
3323,9.730887500793198
1648,2.371684497666763
7227,3.496181676288387
6775,1.360638497682217
6532,7.315354212441989
174,6.680205111064126
19301,2.117456035005219
306,6.379879748667321
10471,2.0419268176660452
15193,3.2444735687404815
451,4.702473720468042
19364,6.684419059532473
1219,5.7129066863022615
2844,8.520935040818607
16924,2.4091617113112633
12366,1.087078113268518
10243,1.2677588156051414
20365,11.653481107643536
6793,5.92848790133106
12950,1.979070214380819
5852,0.6504062406913604
14148,8.799236821271649
20489,5.086796982111892
14192,6.841504918467564
267,4.202262841298364
10735,0.8797472791894165
7930,3.495647579134179
375,8.669222743395146
1390,2.978183147591686
19169,8.567128755755029
4540,4.900890694498692
20640,7.756197167593655
195,3.3512131374759164
15686,2.3681596741636497
7359,14.967972166856704
8542,6.059660252348685
7865,10.802031046806498
12737,2.459304721096011
14302,2.3290520856618144
4600,7.34776791638901
21038,7.223777180501244
19948,7.4066171314741
17762,7.691482398614667
392,4.9064234742464805
14259,6.171858200068577
7134,7.614711249423863
10022,3.042991565739861
6710,6.5039547665287145
18884,6.257794826206265
8303,2.1278618622436625
5291,5.079412744738562
680,2.175960942167663
20662,4.206146627045364
283,9.14864233690238
21159,9.247428735160003
20014,4.282344910320127
19340,5.53997747022477
1431,13.807061578626818
10818,6.795624206134015
1211,1.8707419896287405
8935,1.6193808913352896
14558,0.7246244691310508
20781,3.6285571874836506
5109,5.030526277133234
15334,5.820737204952181
9442,3.7514648281204117
16832,1.778747103499235
19439,6.313908420518331
21136,3.556158484237095
1679,8.020861744259953
5104,4.485503272881793
6546,2.1730604201061325
481,5.470025948342446
16394,5.449677213587762
8168,2.3448803334090087
15599,4.901826006506553
16583,6.158109709959469
10458,8.081439327383691
1187,3.4253938413070344
8326,7.9349013308041165
14572,3.9160743403470946
20741,4.177081746375613
1552,8.44251584419419
6815,6.14176081896867
7131,7.240169138554876
4573,4.201040010516692
9504,4.209785607256215
3272,2.4554537919038424
529,7.674456853544093
15601,3.3907164835607873
12923,4.4762187325521055
10457,10.391020287930242
5036,2.776898075940913
2907,5.751051839429266
19732,7.210512350850195
18712,1.6471354457445102
20738,7.242608705518293
14216,2.4003314521582837
5265,6.73667522312298
6927,3.261211239100952
15765,2.1172484191758443
20079,1.686886509174606
2702,6.7493839270814675
8160,6.37769908475866
6659,4.441213586811287
13267,14.37947799854582
10197,4.4452286478845835
82,4.5691628259294745
125,9.385705720489682
18760,9.823585210577821
9993,5.484021970718885
7319,4.182858818760842
12149,4.903324280358838
21230,4.996094299874969
9498,4.304917963912182
14311,7.141870649537971
14776,5.182978266997949
20700,3.6401120217416434
17526,5.130856081145808
14742,1.8069180105852851
5309,5.38014344147939
17705,5.162264993165579
3286,2.0531904131134553
16964,3.479042987649251
7599,5.180497243034111
9496,4.291558896760826
1097,2.8826353870211037
1826,5.022641869795031
6347,2.3193082499354105
15316,12.084439261189843
6539,10.43201272945539
7928,7.614176271234776
2527,6.601655408560575
8471,4.429286781226992
4164,4.288213669939147
5150,5.229859032757027
10876,4.782805074445811
16622,6.189600729559068
1308,10.116897543717023
1747,2.851038567465558
3871,5.140927026482203
6,2.671099428835447
15779,11.91311373698409
3870,1.5815095056295334
18797,6.021834095385472
390,3.151328133385114
1590,1.5104668021704342
7235,4.617176284303554
19617,5.367903372552014
5681,1.6190179968431124
7088,7.5370797645521606
3173,4.703519318590459
522,6.058355233926861
17361,3.770466056599446
20054,4.2088529035971405
7516,1.5515936186767618
8894,7.598558760268546
12620,9.670019942916724
1942,13.82249756496774
7486,10.88244986396736
7206,1.725126468325378
15735,4.191111034683061
20646,6.176042399633154
13081,4.989581557216027
254,2.718437835877218
12357,9.407750300606391
646,5.187913254950793
17460,16.372253211583427
18236,3.7786156977340113
17921,7.287463664964015
2042,9.267041807229894
6951,2.3229250008627034
8043,3.539190395312673
13628,4.114152341268351
19479,3.4752980409925556
13187,5.08071105902259
14528,4.186611174936054
10427,6.203929182158646
21070,3.0068674336290258
3121,7.541234148805749
996,4.274969764604791
294,8.578265383175264
13979,0.8780217683314362
5796,4.202865943267405
20638,4.708969032151046
8629,18.142281895818382
12168,1.5166093831785545
20315,6.0093111623717945
19142,4.564953870998352
10523,4.476901839559069
20644,2.6375858960075647
18982,1.3727542914378432
12831,9.067254646587514
18219,3.892615733876994
14445,4.625571594516401
11723,5.750660784708927
9326,4.656062224873253
20406,8.825039024749707
3828,3.61348747256185
18653,5.150151311608795
12522,4.280531791239035
4754,7.781885462442389
655,11.079464596207025
4018,3.8084745246776066
679,12.028993102099609
2904,7.314247978976816
12000,3.196507271348075
21087,6.829059011127981
2178,5.837591647491337
14610,5.3510788086629475
10844,5.3219941362672145
9380,2.35262625217603
15522,2.41966588151643
17953,5.406926295403657
9681,2.946489591076478
10271,5.624228830035619
19197,6.5722598745041765
7306,21.140195495350177
5661,17.67732833713305
11500,2.3874447474088214
1802,3.524557304459627
2009,2.6134961681410687
4029,4.163097759980609
17403,4.593644622290704
16240,1.5385934621831083
13339,2.6364117762249037
6411,6.752299133368815
16836,4.079958661891297
9707,3.2313405835810443
13604,4.063000000640621
7844,4.497158987857354
16697,6.107438842443337
14875,1.5608538007839456
16884,5.77404598906687
4227,5.13252217184035
4537,5.4905222142989345
6974,4.459604179554532
12429,4.523109338291611
16930,13.952944623996338
10263,2.775123087729284
781,5.074780873642624
15573,13.185630033302772
18006,3.601431568288227
7416,7.945209092779898
16897,9.748509819915423
12293,4.947113162726701
11076,1.7570167879382836
410,2.590207127987526
3231,2.6766335667354255
8655,6.071475481442832
13553,9.096727156013298
5947,7.594663240937628
4352,6.920721238597366
3791,8.893864449653591
19928,5.300243179414856
5991,1.5744623094280428
2348,1.8558589162462127
3659,1.1754589671359597
21059,5.054797885903035
1067,2.694116596761326
16903,5.04796268278789
13222,11.67196809115698
13720,3.556825425193125
8496,3.8799185796326014
21426,4.808638795756941
2050,4.1727044687913875
11275,5.142980516740266
17235,6.40037948902274
4471,7.770407055489223
15290,7.159174146449722
4141,3.2708994354663687
7901,1.0600359165314828
16092,7.104053630356148
13642,1.3935205997784834
14426,4.571345254896919
6446,3.62213639597897
15575,3.7963872837232486
15583,6.682186324711424
5689,5.408334367204212
18945,2.768219892339893
2483,3.676446267888089
16258,3.889519796347969
2332,3.151417194094151
6234,5.946341958849189
8121,4.242481118139487
18030,3.1535147260578427
4534,0.7494963971927291
9254,3.444287075588349
5441,7.51943494127088
13768,8.84066236279672
7371,4.41894020267538
8455,2.7907936063473073
8085,32.00578559918428
4208,5.1931228908272615
7193,12.571259590316757
5192,3.736465124222917
10107,4.261910011873574
14142,6.600237133512223
345,0.5276272222121676
14195,7.065587332820279
12783,3.227993506496965
3581,2.246746800507843
5571,1.2072769461659547
9527,4.75799657792799
19563,8.266350729710773
18876,4.017607017923716
20220,7.023549831492026
18302,8.287898362245237
15813,7.443089718305188
4737,7.435711823515298
11134,1.022796849555803
14966,11.810539243238974
1561,4.615802159339651
21197,6.413355804124485
4132,8.678490339338708
12321,4.655410538934781
6060,5.10648135143078
1972,3.899287526386985
3982,5.492883203101357
12854,4.583598201405152
11443,4.958269282461252
19723,6.938930172117097
11541,4.834280524644932
16927,2.6565773821089707
18991,4.571396622675181
3167,6.557118639777926
7239,1.2671194347645738
2555,11.221965859214688
3050,3.6560156299155793
13908,3.59538311500647
7490,5.025350462698313
20068,9.820183048004111
10173,8.747015529242496
18550,0.999257333444362
20960,5.401222042243326
19870,9.770130731163832
17223,4.903117044384047
14941,7.547054896937844
9781,0.8383118357850066
4021,8.328631683885284
17266,2.861632652680136
20485,8.98414119027428
8083,3.657934435071766
2861,8.826992519484506
21437,2.9330856038831357
13799,4.215490704438018
8823,5.660779544949186
8617,4.352965036274057
11785,4.4199546995074
21397,7.679220231898427
19187,10.522760999922347
20222,8.449464462308889
19967,3.963587619459858
12166,6.068318853827776
10368,7.599263754533688
5824,13.815074545973186
15605,3.2072521624257604
11119,4.217695092754823
18643,7.298934183624077
9645,8.259273269064153
2923,8.17618312514724
16758,5.620975677567252
18013,4.462028419500349
9507,2.5268127913624596
14667,14.807019108090316
4505,4.770658278043705
12956,4.901262990134853
19904,4.6324357136484196
21516,12.315926960870424
17582,10.838632781596765
7220,3.9013666410438717
17675,6.270496760577743
16443,9.154966162552746
3641,4.591610418683615
1614,3.550844544549207
18590,2.4665354375779884
10224,2.706301997754096
786,4.173703129321986
16187,3.057565190626349
15614,8.536185796193415
887,4.203693735701258
11124,7.965546259398749
7285,5.811923187858582
20879,8.671373643473423
18289,2.71123913421539
18731,7.12710215360547
19032,5.0440860602538535
18724,3.529824931744436
9150,1.5008572374046594
13923,5.484201068516157
17494,13.979045567767336
8451,2.115884774321067
7020,4.193662038065632
9243,16.241662919779095
4097,6.756842253572337
19323,6.868237805194454
2709,3.5289745606569554
2113,6.390837360199576
13358,6.028052190456968
19437,4.372281262538522
7253,7.919831580672394
961,4.625724580503743
21390,4.040515638267728
2456,7.922183397403906
10892,0.7327713231200903
10629,4.95928746607499
19252,3.6859301199727454
3889,2.817627392944324
1755,9.612691208394466
9959,4.030514958773722
3699,2.689333555645163
10761,4.530775039983027
20676,3.8593662080240136
8699,4.138445782489626
20629,7.263242468842023
18827,2.3560103360362916
6654,5.584044731875956
17246,4.661161906808104
9034,4.983826709324994
14729,8.189650284268815
6755,2.3643764556608033
8514,7.534701842203212
9320,7.2651224144435815
7720,-0.0602433427501623
15840,4.438134643095481
15421,5.054406970563605
5674,8.409734540152272
15001,3.687437630191191
6652,7.672032920747306
17803,6.804995767282755
6025,4.415579650423766
2047,5.001890387693173
18689,4.620015409291092
138,2.3624283393256675
9854,5.768378931856994
5021,4.758472960279221
16493,1.4794767058840037
12107,6.733020908557222
16859,1.1382163706919286
1080,11.646643176231422
19512,6.062737199643038
21488,8.349804708483227
16969,3.174413123308689
17784,3.389540869349638
6600,2.2977965114021046
15915,6.3832325055967445
10733,4.9862127733148895
18987,10.328363093313769
13738,4.591843404753362
1578,4.403637295655649
540,23.782662006286454
1674,15.41460322015405
11867,2.5928341908960633
6687,6.212999341927542
8555,4.135245713032397
21047,6.442742604266414
2490,5.76647320101997
5756,3.1251750266348566
16890,4.199893602662556
13323,4.276449666205423
7341,4.936457188295201
7362,4.888264572536315
15621,1.5807784693088038
14864,8.232482829781056
13212,6.0899129775959295
16716,1.7609428488733982
575,2.2054811146081548
41,7.570905403156004
4257,3.282786975443429
3254,10.568368072678652
5395,3.778350285469564
16382,5.5894843045593845
4543,3.36957812782299
19553,7.705530920696425
1807,4.17673999612429
12859,20.081639494041017
11265,7.313478442230796
16709,2.3298462430346234
10403,1.2762936724156972
11518,4.2258317727126595
6573,3.7968460137040267
20898,4.345170095324683
19571,7.899951230584115
534,-0.03133418935669141
13927,9.357839170513827
11990,2.4631718481666525
10294,3.9670433294341905
14414,12.101139980337432
3481,0.6665877514300007
13920,3.5567855846115535
15987,3.5257503072233334
339,3.011063563044395
18420,4.3105932924931025
3977,3.5729717705102786
15051,3.4602198436322738
21073,4.443436028370556
15562,5.631706709744577
8213,1.3981536496297977
477,3.779703894801955
12628,4.741259273448499
17471,4.331579587107804
21093,2.222340559013489
10902,5.120403655109918
16533,4.621566674540389
13749,6.541330234410616
18423,5.432373271793423
12924,3.9818438413156514
17627,3.7881233229367766
11735,5.507613733270084
233,1.379284983347283
6235,2.246868351359076
1770,7.6181055701563665
20262,8.545961167311738
1758,5.64541272639066
10987,5.840327671825975
3288,2.669116403647479
17362,7.937605524916698
17905,9.948172147135018
379,5.09942991801298
14095,1.2692799876011236
19700,4.956828488767961
18794,4.0356243587813125
20119,2.927327351328074
9704,10.989656126318025
6081,5.9213115449433005
9926,4.956029440612099
11774,2.466071245247157
19829,3.647437337969869
19416,6.952840238954842
10653,11.633401722360468
11784,2.690793218585462
14074,3.2730847407942676
11092,8.270894646791021
16461,4.706600432523999
4210,5.57081351621656
2370,3.5043810468170733
13117,6.338712234830666
11680,8.503697060913431
860,-0.9171626717437533
2205,1.599372141872486
80,4.153245569187362
11811,5.003143340537967
6074,4.723892739560824
272,3.0329713899901165
4637,10.807809989204934
20218,5.6346586966545615
4115,4.691158427847462
12927,6.023875720065313
4669,11.528975839750107
16118,3.7959620332317883
8024,5.178090081130428
13666,4.195164920380819
843,3.727745421069848
3141,4.779475278143423
1569,2.509361796449852
17036,5.29087617410724
2314,8.231575207861091
19113,3.9252333240179453
8517,2.8216766904351473
17255,5.526952414973657
7531,1.8187345978946468
18573,4.837870495559052
16072,3.2990672014460785
2819,2.65436688115949
6265,4.551152771669933
16135,8.223783776052052
8425,1.9555044664698116
12911,10.242219127701183
16977,5.963718840550904
18843,2.568918280940032
8320,4.958871114208165
5981,4.6326234653014
1166,8.250074271421319
13805,6.373276557961596
9080,7.02758367050275
17719,4.881303168132554
2361,2.344825613386874
17443,4.017174143769857
4758,16.528114839804157
423,5.454414634190549
658,6.525604619908286
4118,4.376966662076434
3911,4.4760596192886695
19768,6.075210993842447
18486,4.5803399365043305
20709,3.4683383198648343
17668,6.805880665717886
15079,4.436665561706107
12060,6.413988014622454
2813,8.73780741053097
19450,8.222253411501441
15694,4.818420071661528
19639,2.9401563279305734
881,3.1443556218766915
9337,7.630712292614952
192,6.855370677275879
12909,3.9899046880851117
9864,4.367623775941766
12151,4.707299120016437
15525,3.1994136016987653
7800,3.923833004982093
5348,4.36843119266004
3757,12.951328789984384
1159,12.442412738201629
12087,5.005501757743637
10885,5.733148624602059
11089,1.2580377717962108
18174,7.422922890117583
3719,5.442575988684695
15712,1.6523299290276938
13931,2.985741733883053
17967,3.883602882992271
9162,7.152826851225463
13762,7.019894758349061
9938,1.9894499671714598
19295,6.169522840622491
12010,3.760872606999719
3194,7.8103747550172855
3461,7.780161369670026
17738,9.093340149943025
15248,5.986595529777752
4010,6.4702843700138
20786,5.474039624337642
7370,6.747695886455105
1565,1.680147203681372
4629,9.951994221952596
16993,4.832125359674336
16539,4.781810226238413
19160,4.342444749171989
20535,4.571252013181528
5328,2.339754724518585
4776,4.579218568030399
9354,5.189916799355629
5937,3.2412565622740956
10643,3.4163755307585504
12853,3.1114989991705
21424,3.7529156656846823
322,1.2617484396789038
20189,8.77356641082973
11491,5.6570393653002355
7981,1.8072234121564676
1241,0.9902969403563873
14707,0.5649478503227101
6084,9.639495375996855
10409,11.647083929816382
9025,5.504753347710626
18378,8.63551631680751
4388,2.7436151341387003
10248,3.618488793803536
8486,1.8852711609516248
1921,2.9397476424605316
17549,7.595795983899485
16044,8.056758929296251
1385,4.494727838425703
17821,6.303334198415612
5559,1.8509764835375506
15274,1.9384615912311531
9798,11.497407719585958
18686,8.968647086849941
11002,5.1514164279661685
19931,5.873257782457927
20969,3.2381092640096796
8711,6.755117689663969
19691,7.197983077474547
3454,4.7874540997261334
712,6.332709425102053
10465,9.627723460709852
19938,8.138403759244781
15860,19.599157725838023
18375,6.09832197155761
3028,6.765687619414031
2461,1.8062288371069002
1873,4.808396659424922
1909,8.52537286641769
2758,5.873001929839482
2599,4.827168293036586
13961,8.823933264291732
11721,1.850055424955947
10593,3.7037142691554408
1892,12.260629269430694
18028,1.1622312694069308
11404,0.3573687747836729
4866,3.971734697669582
6914,6.428953675410085
2568,4.235867193704948
21321,4.096604601457678
14124,3.5739212011131514
18287,6.419415032787867
11434,19.793371886393743
10096,2.52798860932603
8248,3.7685969750872417
12849,7.977699121328527
21367,10.8952931900826
15285,2.3144614672002035
8405,4.578343198852778
13980,8.380932982373814
21557,8.225488964910248
12543,5.409742337696123
4179,4.438300766938227
2084,1.7285134141746639
16546,4.7768385600312016
308,4.238184352117585
7482,9.34753994608247
16386,6.853671246061417
6535,7.880488209544033
5948,8.039026906736112
13683,3.6837692997613303
11915,11.475476031975287
1511,1.1493324352527665
16213,3.697166017513325
14385,11.144500513703424
244,5.9880232915177345
16388,5.358527836992664
12317,8.194295006020383
15340,7.3855829078467465
9373,1.703975110419215
20105,6.218178380305332
319,0.436207325451484
3290,3.5366296678007814
17959,3.329005682651527
18152,1.0687901443433816
1619,4.963904918746444
15662,4.4026219582925705
7989,4.816160345668024
9973,3.5841121159006093
9007,4.179500415735298
16345,13.706427527749582
13582,0.3440842691355499
